<?xml version="1.0" encoding="UTF-8"?>
<schemalist>
  <schema id="org.gnome.shell.extensions.twocolumndock" path="/org/gnome/shell/extensions/twocolumndock/">
    <key name="columns" type="i">
      <default>2</default>
      <summary>Number of columns</summary>
      <description>The number of columns in the dock.</description>
    </key>
    <key name="icon-size" type="i">
      <default>48</default>
      <summary>Icon size</summary>
      <description>The size of the application icons in pixels.</description>
    </key>
    <key name="icon-padding-base" type="i">
      <default>15</default>
      <summary>Icon Padding Base</summary>
      <description>Minimum padding (pixels) applied around each icon.</description>
    </key>
    <key name="icon-padding-scale" type="d">
      <default>0.18</default>
      <summary>Icon Padding Scale</summary>
      <description>Multiplier of icon size used to compute padding.</description>
    </key>
    <key name="background-color" type="s">
      <default>'#1e1e1e'</default>
      <summary>Background Color</summary>
      <description>Hex color code for the dock background.</description>
    </key>
    <key name="background-opacity" type="d">
      <default>0.95</default>
      <summary>Background Opacity</summary>
      <description>Opacity of the dock background (0.0 to 1.0).</description>
    </key>
    <key name="corner-radius" type="i">
      <default>0</default>
      <summary>Corner Radius</summary>
      <description>Corner radius of the dock background.</description>
    </key>
    <key name="group-corner-radius" type="i">
      <default>6</default>
      <summary>Group Corner Radius</summary>
      <description>Corner radius of group borders.</description>
    </key>
    <key name="show-on-all-monitors" type="b">
      <default>false</default>
      <summary>Show on all monitors</summary>
      <description>If true, the dock will be shown on all connected monitors.</description>
    </key>
    <key name="app-groups" type="s">
      <default>'[]'</default>
      <summary>Application Groups</summary>
      <description>JSON array of app groups. Each group has: id, name, color, borderColor, borderWidth, opacity, collapsed, apps (array of app IDs).</description>
    </key>
    <key name="enable-groups" type="b">
      <default>false</default>
      <summary>Enable Groups</summary>
      <description>If true, applications will be organized into custom groups.</description>
    </key>
    <key name="group-header-size" type="i">
      <default>24</default>
      <summary>Group Header Size</summary>
      <description>Height of group header labels in pixels.</description>
    </key>
    <key name="group-spacing" type="i">
      <default>8</default>
      <summary>Group Spacing</summary>
      <description>Spacing between groups in pixels.</description>
    </key>
    <key name="show-ungrouped" type="b">
      <default>true</default>
      <summary>Show Ungrouped Apps</summary>
      <description>If true, apps not assigned to any group will be shown in an "Other" section.</description>
    </key>
    <key name="scale-factor" type="d">
      <default>0.0</default>
      <summary>Scale Factor</summary>
      <description>Manual scale factor override for HiDPI displays. Set to 0 for automatic detection based on display resolution. Values between 1.0 and 3.0 are typical. For 4K displays, try 1.5-2.0.</description>
    </key>
    <key name="auto-hide" type="b">
      <default>false</default>
      <summary>Auto-hide Dock</summary>
      <description>When enabled, the dock will hide automatically and appear when you move the mouse to the left edge of the screen.</description>
    </key>
    <key name="auto-hide-delay" type="i">
      <default>300</default>
      <summary>Auto-hide Delay</summary>
      <description>Delay in milliseconds before the dock hides after the mouse leaves.</description>
    </key>
    <key name="show-delay" type="i">
      <default>100</default>
      <summary>Show Delay</summary>
      <description>Delay in milliseconds before the dock shows when the mouse enters the hot zone.</description>
    </key>
    <key name="hot-zone-size" type="i">
      <default>5</default>
      <summary>Hot Zone Size</summary>
      <description>Size in pixels of the invisible hot zone at the edge of the screen that triggers the dock to appear.</description>
    </key>
    <key name="dock-position" type="s">
      <default>'left'</default>
      <summary>Dock Position</summary>
      <description>Position of the dock on the screen. Valid values are: 'left', 'right'.</description>
    </key>
  </schema>
</schemalist>
